INSERT INTO Airport (IATA, Name, Longitude, Latitude) VALUES
('ATL', 'Hartsfield-Jackson International Airport Atlanta', -84.4280556, 33.636667),
('PEK', 'Beijing Capital International Airport', 166.5975, 40.0725),
('DXB', 'Dubai INternational Airport', 55.364444, 25.252778),
('ORD', 'Chicago O Hare International Airport', -87.904722, 41.978611),
('HND', 'Tokyo International Airport', 139.781111, 35.553333),
('LHR', 'Heathrow Airport', -0.461389, 51.4775),
('LAX', 'Los Angeles International Airport',-118.408056, 33.9425),
('HKG', 'Hong Kong International Airport', 113.914444, 22.308889),
('CDG', 'Paris Charles de Gaulle Airport', 2.547778, 49.009722),
('DFW', 'Dallas International Airport', -97.038056, 32.896944),
('IST', 'Istanbul Atatürk Airport', 28.814167, 40.976111),
('FRA', 'Frankfurt Airport', 8.570556, 50.033333),
('WDH', 'Hosea Kutako International Airport', 17.47095,-22.479894);

INSERT INTO Plane(PlaneID, Type, Seats) VALUES
('D-ABBB', 'Airbus A330-300', 236),
('D-ABBC', 'Airbus A330-300', 240),
('D-ABBD', 'Airbus A330-300', 221),
('D-ABBE', 'Airbus A330-300', 231),
('D-ABBF', 'Airbus A340-300', 280),
('D-ABBG', 'Airbus A340-300', 271),
('D-ABBH', 'Airbus A340-300', 243),

('D-ABBI', 'Airbus A340-600', 266),
('D-ABBK', 'Airbus A340-600', 293),
('D-ABBL', 'Airbus A380-800', 509),

('D-ABBM', 'Airbus A350-900', 293),
('D-ABBO', 'Airbus A350-900', 297),
('D-ABBP', 'Airbus A350-900', 288),
('D-ABBQ', 'Airbus A350-900', 288),

('D-ABBR', 'Airbus A320-200', 168),
('D-ABBS', 'Airbus A320-200', 168),
('D-ABBT', 'Airbus A320-200', 170),
('D-ABBU', 'Airbus A320-200', 142),
('D-ABBW', 'Boeing B747-8', 364),
('D-ABBX', 'Boeing B747-8', 364),
('D-ABBY', 'Boeing B747-8', 364),
('D-ABBZ', 'Boeing B747-8', 364),
('D-ABCA', 'Boeing B737-700', 86),
('D-ABCC', 'Boeing B737-700', 88);


INSERT INTO Flight(FlightID, Orig_IATA, Dest_IATA) VALUES
('LH-100', 'FRA', 'ATL'),
('LH-102', 'FRA', 'DXB'),
('LH-103', 'FRA', 'ORD'),
('LH-104', 'FRA', 'HND'),
('LH-105', 'FRA', 'LHR'),
('LH-106', 'FRA', 'LAX'),
('LH-107', 'FRA', 'HKG'),
('LH-108', 'FRA', 'CDG'),
('LH-109', 'FRA', 'DFW'),
('LH-110', 'FRA', 'IST'),
('LH-200', 'LHR', 'ATL'),
('LH-201', 'LHR', 'PEK'),
('LH-202', 'LHR', 'DXB'),
('LH-203', 'LHR', 'ORD'),
('LH-204', 'LHR', 'FRA');

INSERT INTO Departure(PlaneID, FlightID, Datum) VALUES
('D-ABBL', 'LH-100', '2018-01-10'),
('D-ABBL', 'LH-100', '2018-02-10'),
('D-ABBL', 'LH-100', '2018-03-10'),
('D-ABBL', 'LH-100', '2018-04-10'),
('D-ABBL', 'LH-100', '2018-05-10'),
('D-ABBL', 'LH-100', '2018-06-10'),
('D-ABBK', 'LH-100', '2018-07-10'),
('D-ABBK', 'LH-100', '2018-08-10'),

('D-ABBB', 'LH-102', '2018-02-10'),
('D-ABBB', 'LH-102', '2018-04-10'),
('D-ABBB', 'LH-102', '2018-06-10'),

('D-ABBB', 'LH-103', '2018-09-10'),

('D-ABBB', 'LH-104', '2018-03-10'),
('D-ABBB', 'LH-104', '2018-05-10'),
('D-ABBB', 'LH-104', '2018-07-10'),
('D-ABBB', 'LH-104', '2018-09-10'),

('D-ABBB', 'LH-105', '2018-01-10'),
('D-ABBB', 'LH-105', '2018-02-10'),
('D-ABBB', 'LH-105', '2018-03-10'),
('D-ABCA', 'LH-200', '2018-01-10'),
('D-ABCA', 'LH-200', '2018-02-10'),
('D-ABCA', 'LH-201', '2018-03-10'),

('D-ABBR', 'LH-201', '2018-05-10'),

('D-ABCA', 'LH-202', '2018-05-10'),
('D-ABCA', 'LH-202', '2018-09-10'),
('D-ABCA', 'LH-203', '2018-04-10'),
('D-ABCA', 'LH-203', '2018-05-10'),

('D-ABCC', 'LH-203', '2018-06-10'),
('D-ABBF', 'LH-204', '2018-01-10'),
('D-ABBI', 'LH-204', '2018-03-10'),
('D-ABBM', 'LH-204', '2018-08-10');

Insert into Passenger (CustomerID, FirstName, LastName) values
(1  , 'Roth'    , 'Michael' ),
(2  , 'Schestag', 'Inge' ),
(3  , 'Störl'   , 'Uta' ),
(4  , 'Muth'    , 'Peter' ),
(5  , 'Peter'   , 'Thorsten' ),
(6  , 'Ruehl'   , 'Stefan' );

Insert into Booking(CustomerID, FlightID, Datum, Price) values
(1 , 'LH-100' , '2018-01-10' , 100.00),
(5 , 'LH-102' , '2018-04-10' , 100.00),
(6 , 'LH-104' , '2018-07-10' , 100.00),
(1 , 'LH-100' , '2018-02-10' , 100.00),
(2 , 'LH-100' , '2018-01-10' , 100.00),
(3 , 'LH-100' , '2018-01-10' , 100.00),
(1 , 'LH-105' , '2018-01-10' , 105.00),
(1 , 'LH-200' , '2018-01-10' , 200.00),
(2 , 'LH-100' , '2018-02-10' , 100.00),
(2 , 'LH-100' , '2018-03-10' , 100.00),
(2 , 'LH-100' , '2018-04-10' , 100.00),
(2 , 'LH-100' , '2018-05-10' , 100.00),
(2 , 'LH-100' , '2018-06-10' , 100.00),
(2 , 'LH-100' , '2018-07-10' , 100.00),
(2 , 'LH-100' , '2018-08-10' , 100.00);


Insert into Technician(tID, tFirstName, tLastName) values 
(1 , 'Max'	    , 'Stark'),
(2 , 'Felix'    , 'Meier'),
(3 , 'Lisa'     , 'Sturm'),
(4 , 'Karsten'  , 'Fische');

Insert into Maintenance(tID, PlaneID, Datum) values
(1  , 'D-ABBB',     ' 2019-01-10'),
(2  , 'D-ABBB',     ' 2018-02-10'),
(3  , 'D-ABBB',     ' 2020-01-10'),
(1  , 'D-ABBC',     ' 2018-01-09'),
(2  , 'D-ABBC',     ' 2018-02-12'),
(3  , 'D-ABBC',     ' 2017-01-10'),
(4  , 'D-ABBC',     ' 2016-01-10'),
(4  , 'D-ABBD',     ' 2017-01-12'),
(2  , 'D-ABBE',     ' 2021-01-10'),
(4  , 'D-ABBE',     ' 2022-01-10'),
(1  , 'D-ABBF',     ' 2015-01-10'),
(2  , 'D-ABBF',     ' 2018-02-10'),
(3  , 'D-ABBF',     ' 2018-03-10'),
(4  , 'D-ABBF',     ' 2018-04-10'),
(3  , 'D-ABBG',     ' 2018-05-10'),
(4  , 'D-ABBG',     ' 2018-06-10'),
(1  , 'D-ABBH',     ' 2018-07-10'),
(2  , 'D-ABBH',     ' 2018-08-10'),
(3  , 'D-ABBH',     ' 2018-09-10'),
(2  , 'D-ABBI',     ' 2018-10-10'),
(2  , 'D-ABBK',     ' 2018-11-10'),
(3  , 'D-ABBK',     ' 2018-12-10'),
(1  , 'D-ABBL',     ' 2010-01-10'),
(2  , 'D-ABBL',     ' 2011-01-10'),
(4  , 'D-ABBL',     ' 2012-01-10'),
(1  , 'D-ABBM',     ' 2013-01-10'),
(2  , 'D-ABBM',     ' 2014-01-10'),
(3  , 'D-ABBM',     ' 2015-01-10'),
(4  , 'D-ABBM',     ' 2016-01-10'),
(1  , 'D-ABBO',     ' 2017-01-10'),
(4  , 'D-ABBO',     ' 2018-01-10'),
(3  , 'D-ABBP',     ' 2019-01-10'),
(1  , 'D-ABBQ',     ' 2020-01-10'),
(2  , 'D-ABBQ',     ' 2021-01-10'),
(3  , 'D-ABBQ',     ' 2022-01-10'),
(4  , 'D-ABBQ',     ' 2022-01-10'),
(1  , 'D-ABBR',     ' 2022-01-10'),
(1  , 'D-ABBR',     ' 2022-02-10'),
(4  , 'D-ABBS',     ' 2022-03-10'),
(1  , 'D-ABBS',     ' 2022-04-10'),
(2  , 'D-ABBT',     ' 2022-05-10'),
(3  , 'D-ABBU',     ' 2022-06-10'),
(4  , 'D-ABBW',     ' 2022-07-10'),
(2  , 'D-ABBX',     ' 2022-08-10'),
(4  , 'D-ABBY',     ' 2022-09-10'),
(1  , 'D-ABBZ',     ' 2022-10-10'),
(3  , 'D-ABCA',     ' 2022-11-10'),
(2  , 'D-ABCC',     ' 2022-12-10');
